{
    "productAttr": null,
    "productCommentSummary": {
        "beginRowNumber": 0,
        "endRowNumber": 0,
        "skuId": 1138529,
        "productId": 1138529,
        "score1Count": 238,
        "score2Count": 95,
        "score3Count": 353,
        "score4Count": 1070,
        "score5Count": 8326,
        "showCount": 409,
        "commentCount": 10082,
        "averageScore": 5,
        "goodCount": 9396,
        "goodRate": 0.933,
        "goodRateShow": 94,
        "goodRateStyle": 140,
        "generalCount": 448,
        "generalRate": 0.044,
        "generalRateShow": 4,
        "generalRateStyle": 7,
        "poorCount": 238,
        "poorRate": 0.023,
        "poorRateShow": 2,
        "poorRateStyle": 3
    },
    "hotCommentTagStatistics": [
        {
            "id": 293047,
            "name": "屏幕大",
            "status": 0,
            "rid": 15220,
            "productId": 1138529,
            "count": 1522,
            "created": "2014-06-06 10:49:37",
            "modified": "2015-04-18 10:50:45"
        },
        {
            "id": 293067,
            "name": "外观漂亮",
            "status": 0,
            "rid": 15225,
            "productId": 1138529,
            "count": 1467,
            "created": "2014-06-06 11:00:14",
            "modified": "2015-04-18 11:36:36"
        },
        {
            "id": 293146,
            "name": "性价比高",
            "status": 0,
            "rid": 15227,
            "productId": 1138529,
            "count": 1207,
            "created": "2014-06-06 11:57:59",
            "modified": "2015-04-18 11:36:36"
        },
        {
            "id": 293049,
            "name": "系统流畅",
            "status": 0,
            "rid": 15226,
            "productId": 1138529,
            "count": 1033,
            "created": "2014-06-06 10:49:37",
            "modified": "2015-04-17 19:59:02"
        },
        {
            "id": 293147,
            "name": "功能齐全",
            "status": 0,
            "rid": 15231,
            "productId": 1138529,
            "count": 1023,
            "created": "2014-06-06 11:57:59",
            "modified": "2015-04-18 10:50:45"
        },
        {
            "id": 293767,
            "name": "通话质量好",
            "status": 0,
            "rid": 15235,
            "productId": 1138529,
            "count": 851,
            "created": "2014-06-06 21:29:36",
            "modified": "2015-04-18 10:16:49"
        },
        {
            "id": 293050,
            "name": "反应快",
            "status": 0,
            "rid": 15224,
            "productId": 1138529,
            "count": 802,
            "created": "2014-06-06 10:49:37",
            "modified": "2015-04-18 11:36:36"
        },
        {
            "id": 294007,
            "name": "照相不错",
            "status": 0,
            "rid": 15223,
            "productId": 1138529,
            "count": 748,
            "created": "2014-06-07 10:04:40",
            "modified": "2015-04-18 10:50:45"
        },
        {
            "id": 293495,
            "name": "信号稳定",
            "status": 0,
            "rid": 15236,
            "productId": 1138529,
            "count": 730,
            "created": "2014-06-06 16:56:50",
            "modified": "2015-04-17 15:06:03"
        },
        {
            "id": 293048,
            "name": "后盖很漂亮",
            "status": 0,
            "rid": 15229,
            "productId": 1138529,
            "count": 721,
            "created": "2014-06-06 10:49:37",
            "modified": "2015-04-18 10:16:49"
        }
    ],
    "score": 0,
    "comments": [
        {
            "id": 664017354,
            "guid": "21c73b45-f5ad-4903-8746-ae031593f5c0",
            "content": "就是耳机有点问题",
            "creationTime": "2015-04-18 11:43:22",
            "isTop": false,
            "referenceId": "1138529",
            "referenceImage": "g16/M00/0C/07/rBEbRlOIP_MIAAAAAAFWXorXF4YAACYlQLZhz0AAVZ2428.jpg",
            "referenceName": "三星 Galaxy Grand 2 (G7108V) 白色 移动4G手机",
            "referenceTime": "2014-11-06 10:27:10",
            "referenceType": "Product",
            "referenceTypeId": 0,
            "firstCategory": 9987,
            "secondCategory": 653,
            "thirdCategory": 655,
            "replyCount": 0,
            "score": 5,
            "status": 1,
            "usefulVoteCount": 0,
            "uselessVoteCount": 0,
            "userImage": "misc.360buyimg.com/lib/img/u/b56.gif",
            "userImageUrl": "misc.360buyimg.com/lib/img/u/b56.gif",
            "userLevelId": "56",
            "userProvince": "",
            "viewCount": 0,
            "orderId": 0,
            "isReplyGrade": false,
            "nickname": "DoadCmuorswZ",
            "userClient": 22,
            "productColor": "釉白",
            "productSize": "移动4G",
            "integral": -10,
            "userLevelName": "铜牌会员",
            "recommend": false,
            "userClientShow": "<a href='javascript:;'>来自手机QQ购物</a>",
            "isMobile": false
        },
        {
            "id": 664000565,
            "guid": "aeb0d342-0544-4cac-9ead-37b0ac339f10",
            "content": "性价比高，外观漂亮  物流快！",
            "creationTime": "2015-04-18 11:35:49",
            "isTop": false,
            "referenceId": "1138529",
            "referenceImage": "g16/M00/0C/07/rBEbRlOIP_MIAAAAAAFWXorXF4YAACYlQLZhz0AAVZ2428.jpg",
            "referenceName": "三星 Galaxy Grand 2 (G7108V) 白色 移动4G手机",
            "referenceTime": "2015-04-07 09:04:04",
            "referenceType": "Product",
            "referenceTypeId": 0,
            "firstCategory": 9987,
            "secondCategory": 653,
            "thirdCategory": 655,
            "replyCount": 0,
            "score": 5,
            "status": 1,
            "usefulVoteCount": 0,
            "uselessVoteCount": 0,
            "userImage": "misc.360buyimg.com/lib/img/u/b62.gif",
            "userImageUrl": "misc.360buyimg.com/lib/img/u/b62.gif",
            "userLevelId": "62",
            "userProvince": "",
            "viewCount": 0,
            "orderId": 0,
            "isReplyGrade": false,
            "nickname": "6***m",
            "userClient": 0,
            "commentTags": [
                {
                    "id": 5993450,
                    "name": "性价比高",
                    "pin": "",
                    "status": 0,
                    "rid": 15227,
                    "productId": 1138529,
                    "commentId": 664000565,
                    "created": "2015-04-18 11:36:13",
                    "modified": "2015-04-18 11:36:13"
                },
                {
                    "id": 5993451,
                    "name": "音质好",
                    "pin": "",
                    "status": 0,
                    "rid": 15234,
                    "productId": 1138529,
                    "commentId": 664000565,
                    "created": "2015-04-18 11:36:13",
                    "modified": "2015-04-18 11:36:13"
                },
                {
                    "id": 5993452,
                    "name": "反应快",
                    "pin": "",
                    "status": 0,
                    "rid": 15224,
                    "productId": 1138529,
                    "commentId": 664000565,
                    "created": "2015-04-18 11:36:13",
                    "modified": "2015-04-18 11:36:13"
                },
                {
                    "id": 5993453,
                    "name": "外观漂亮",
                    "pin": "",
                    "status": 0,
                    "rid": 15225,
                    "productId": 1138529,
                    "commentId": 664000565,
                    "created": "2015-04-18 11:36:13",
                    "modified": "2015-04-18 11:36:13"
                },
                {
                    "id": 5993454,
                    "name": "字体大",
                    "pin": "",
                    "status": 0,
                    "rid": 15228,
                    "productId": 1138529,
                    "commentId": 664000565,
                    "created": "2015-04-18 11:36:13",
                    "modified": "2015-04-18 11:36:13"
                }
            ],
            "productColor": "釉白",
            "productSize": "移动4G",
            "integral": -30,
            "anonymousFlag": 1,
            "userLevelName": "金牌会员",
            "recommend": false,
            "userLevelColor": "#088000",
            "userClientShow": "",
            "isMobile": false
        },
        {
            "id": 663917807,
            "guid": "e76020f7-322c-4c52-87e9-64579ad88d58",
            "content": "性价比不错的一个手机，关键是能满足自己的需要。",
            "creationTime": "2015-04-18 10:50:22",
            "isTop": false,
            "referenceId": "1138529",
            "referenceImage": "g16/M00/0C/07/rBEbRlOIP_MIAAAAAAFWXorXF4YAACYlQLZhz0AAVZ2428.jpg",
            "referenceName": "三星 Galaxy Grand 2 (G7108V) 白色 移动4G手机",
            "referenceTime": "2014-11-08 13:11:32",
            "referenceType": "Product",
            "referenceTypeId": 0,
            "firstCategory": 9987,
            "secondCategory": 653,
            "thirdCategory": 655,
            "replyCount": 0,
            "score": 4,
            "status": 1,
            "usefulVoteCount": 0,
            "uselessVoteCount": 0,
            "userImage": "misc.360buyimg.com/lib/img/u/b61.gif",
            "userImageUrl": "misc.360buyimg.com/lib/img/u/b61.gif",
            "userLevelId": "61",
            "userProvince": "上海",
            "viewCount": 0,
            "orderId": 0,
            "isReplyGrade": false,
            "nickname": "e***u",
            "userClient": 0,
            "commentTags": [
                {
                    "id": 5992477,
                    "name": "待机时间长",
                    "pin": "",
                    "status": 0,
                    "rid": 15221,
                    "productId": 1138529,
                    "commentId": 663917807,
                    "created": "2015-04-18 10:50:38",
                    "modified": "2015-04-18 10:50:38"
                },
                {
                    "id": 5992478,
                    "name": "功能齐全",
                    "pin": "",
                    "status": 0,
                    "rid": 15231,
                    "productId": 1138529,
                    "commentId": 663917807,
                    "created": "2015-04-18 10:50:38",
                    "modified": "2015-04-18 10:50:38"
                },
                {
                    "id": 5992479,
                    "name": "屏幕大",
                    "pin": "",
                    "status": 0,
                    "rid": 15220,
                    "productId": 1138529,
                    "commentId": 663917807,
                    "created": "2015-04-18 10:50:38",
                    "modified": "2015-04-18 10:50:38"
                },
                {
                    "id": 5992480,
                    "name": "照相不错",
                    "pin": "",
                    "status": 0,
                    "rid": 15223,
                    "productId": 1138529,
                    "commentId": 663917807,
                    "created": "2015-04-18 10:50:38",
                    "modified": "2015-04-18 10:50:38"
                },
                {
                    "id": 5992481,
                    "name": "电池耐用",
                    "pin": "",
                    "status": 0,
                    "rid": 15222,
                    "productId": 1138529,
                    "commentId": 663917807,
                    "created": "2015-04-18 10:50:38",
                    "modified": "2015-04-18 10:50:38"
                }
            ],
            "productColor": "釉白",
            "productSize": "移动4G",
            "integral": -20,
            "anonymousFlag": 1,
            "userLevelName": "银牌会员",
            "recommend": false,
            "userClientShow": "",
            "isMobile": false
        },
        {
            "id": 663883880,
            "guid": "fd25882f-28fb-4839-a64d-3f796a51b906",
            "content": "物流挺给力",
            "creationTime": "2015-04-18 10:34:13",
            "isTop": false,
            "referenceId": "1138529",
            "referenceImage": "g16/M00/0C/07/rBEbRlOIP_MIAAAAAAFWXorXF4YAACYlQLZhz0AAVZ2428.jpg",
            "referenceName": "三星 Galaxy Grand 2 (G7108V) 白色 移动4G手机",
            "referenceTime": "2015-03-24 15:31:12",
            "referenceType": "Product",
            "referenceTypeId": 0,
            "firstCategory": 9987,
            "secondCategory": 653,
            "thirdCategory": 655,
            "replyCount": 0,
            "score": 5,
            "status": 1,
            "usefulVoteCount": 0,
            "uselessVoteCount": 0,
            "userImage": "misc.360buyimg.com/lib/img/u/b61.gif",
            "userImageUrl": "misc.360buyimg.com/lib/img/u/b61.gif",
            "userLevelId": "61",
            "userProvince": "",
            "viewCount": 0,
            "orderId": 0,
            "isReplyGrade": false,
            "nickname": "onIbAnbavUqc",
            "userClient": 21,
            "productColor": "釉白",
            "productSize": "移动4G",
            "integral": -20,
            "userLevelName": "银牌会员",
            "recommend": false,
            "userClientShow": "<a href='javascript:;'>来自微信购物</a>",
            "isMobile": false
        },
        {
            "id": 663882442,
            "guid": "fa1ce6b9-bba2-4c66-aed9-6a8f3495775e",
            "content": "这手机最划算，还想再买个",
            "creationTime": "2015-04-18 10:33:14",
            "isTop": false,
            "referenceId": "1138529",
            "referenceImage": "g16/M00/0C/07/rBEbRlOIP_MIAAAAAAFWXorXF4YAACYlQLZhz0AAVZ2428.jpg",
            "referenceName": "三星 Galaxy Grand 2 (G7108V) 白色 移动4G手机",
            "referenceTime": "2015-02-28 13:06:58",
            "referenceType": "Product",
            "referenceTypeId": 0,
            "firstCategory": 9987,
            "secondCategory": 653,
            "thirdCategory": 655,
            "replyCount": 0,
            "score": 5,
            "status": 1,
            "usefulVoteCount": 0,
            "uselessVoteCount": 0,
            "userImage": "storage.jd.com/i.imageUpload/31333834303038343433395f7031343231373232333332373733_sma.jpg",
            "userImageUrl": "storage.jd.com/i.imageUpload/31333834303038343433395f7031343231373232333332373733_sma.jpg",
            "userLevelId": "62",
            "userProvince": "辽宁",
            "viewCount": 0,
            "orderId": 0,
            "isReplyGrade": false,
            "nickname": "j***w",
            "userClient": 4,
            "productColor": "釉白",
            "productSize": "移动4G",
            "integral": -30,
            "anonymousFlag": 1,
            "userLevelName": "金牌会员",
            "recommend": false,
            "userLevelColor": "#088000",
            "userClientShow": "<a href='http://app.jd.com/android.html' target='_blank'>来自京东Android客户端</a>",
            "isMobile": true
        },
        {
            "id": 663849229,
            "guid": "73f2259b-c8c7-4400-9d36-06edafe3dc1b",
            "content": "宝贝不错，昨天下的单今天早上就到了。京东没得说??",
            "creationTime": "2015-04-18 10:17:03",
            "isTop": false,
            "referenceId": "1138529",
            "referenceImage": "g16/M00/0C/07/rBEbRlOIP_MIAAAAAAFWXorXF4YAACYlQLZhz0AAVZ2428.jpg",
            "referenceName": "三星 Galaxy Grand 2 (G7108V) 白色 移动4G手机",
            "referenceTime": "2015-04-17 15:12:21",
            "referenceType": "Product",
            "referenceTypeId": 0,
            "firstCategory": 9987,
            "secondCategory": 653,
            "thirdCategory": 655,
            "replyCount": 0,
            "score": 5,
            "status": 1,
            "usefulVoteCount": 0,
            "uselessVoteCount": 0,
            "userImage": "misc.360buyimg.com/lib/img/u/b62.gif",
            "userImageUrl": "misc.360buyimg.com/lib/img/u/b62.gif",
            "userLevelId": "62",
            "userProvince": "",
            "viewCount": 0,
            "orderId": 0,
            "isReplyGrade": false,
            "nickname": "liuxu014615",
            "userClient": 22,
            "productColor": "釉白",
            "productSize": "移动4G",
            "integral": -30,
            "userLevelName": "金牌会员",
            "recommend": false,
            "userLevelColor": "#088000",
            "userClientShow": "<a href='javascript:;'>来自手机QQ购物</a>",
            "isMobile": false
        },
        {
            "id": 663845945,
            "guid": "5aa3bc1e-13d8-494c-9001-7a2ba85d1c40",
            "content": "不错的一款手机，第二部购买",
            "creationTime": "2015-04-18 10:16:15",
            "isTop": false,
            "referenceId": "1138529",
            "referenceImage": "g16/M00/0C/07/rBEbRlOIP_MIAAAAAAFWXorXF4YAACYlQLZhz0AAVZ2428.jpg",
            "referenceName": "三星 Galaxy Grand 2 (G7108V) 白色 移动4G手机",
            "referenceTime": "2015-04-14 10:22:44",
            "referenceType": "Product",
            "referenceTypeId": 0,
            "firstCategory": 9987,
            "secondCategory": 653,
            "thirdCategory": 655,
            "replyCount": 0,
            "score": 5,
            "status": 1,
            "usefulVoteCount": 0,
            "uselessVoteCount": 0,
            "userImage": "storage.jd.com/i.imageUpload/35323039393731302d353935343531333031343135383734363339343933_sma.jpg",
            "userImageUrl": "storage.jd.com/i.imageUpload/35323039393731302d353935343531333031343135383734363339343933_sma.jpg",
            "userLevelId": "62",
            "userProvince": "山西",
            "viewCount": 0,
            "orderId": 0,
            "isReplyGrade": false,
            "nickname": "宁***1",
            "userClient": 0,
            "commentTags": [
                {
                    "id": 5991755,
                    "name": "性价比高",
                    "pin": "",
                    "status": 0,
                    "rid": 15227,
                    "productId": 1138529,
                    "commentId": 663845945,
                    "created": "2015-04-18 10:16:43",
                    "modified": "2015-04-18 10:16:43"
                },
                {
                    "id": 5991756,
                    "name": "通话质量好",
                    "pin": "",
                    "status": 0,
                    "rid": 15235,
                    "productId": 1138529,
                    "commentId": 663845945,
                    "created": "2015-04-18 10:16:43",
                    "modified": "2015-04-18 10:16:43"
                },
                {
                    "id": 5991757,
                    "name": "后盖很漂亮",
                    "pin": "",
                    "status": 0,
                    "rid": 15229,
                    "productId": 1138529,
                    "commentId": 663845945,
                    "created": "2015-04-18 10:16:43",
                    "modified": "2015-04-18 10:16:43"
                }
            ],
            "productColor": "釉白",
            "productSize": "移动4G",
            "integral": -30,
            "anonymousFlag": 1,
            "userLevelName": "金牌会员",
            "recommend": false,
            "userLevelColor": "#088000",
            "userClientShow": "",
            "isMobile": false
        },
        {
            "id": 663838028,
            "guid": "423cb4a5-a23c-4b9b-af35-977d7422ba16",
            "content": "手机使用几天后来评价的，京东速度很快，上午订单下午到达，手机使用还不错，电池挺耐用的，外观很漂亮，敏感度很高。",
            "creationTime": "2015-04-18 10:12:26",
            "isTop": false,
            "referenceId": "1138529",
            "referenceImage": "g16/M00/0C/07/rBEbRlOIP_MIAAAAAAFWXorXF4YAACYlQLZhz0AAVZ2428.jpg",
            "referenceName": "三星 Galaxy Grand 2 (G7108V) 白色 移动4G手机",
            "referenceTime": "2015-04-14 09:06:26",
            "referenceType": "Product",
            "referenceTypeId": 0,
            "firstCategory": 9987,
            "secondCategory": 653,
            "thirdCategory": 655,
            "replyCount": 0,
            "score": 5,
            "status": 1,
            "usefulVoteCount": 0,
            "uselessVoteCount": 0,
            "userImage": "misc.360buyimg.com/lib/img/u/b61.gif",
            "userImageUrl": "misc.360buyimg.com/lib/img/u/b61.gif",
            "userLevelId": "61",
            "userProvince": "江苏",
            "viewCount": 0,
            "orderId": 0,
            "isReplyGrade": false,
            "nickname": "樱***子",
            "userClient": 0,
            "commentTags": [
                {
                    "id": 5991648,
                    "name": "外观漂亮",
                    "pin": "",
                    "status": 0,
                    "rid": 15225,
                    "productId": 1138529,
                    "commentId": 663838028,
                    "created": "2015-04-18 10:12:34",
                    "modified": "2015-04-18 10:12:34"
                },
                {
                    "id": 5991649,
                    "name": "字体大",
                    "pin": "",
                    "status": 0,
                    "rid": 15228,
                    "productId": 1138529,
                    "commentId": 663838028,
                    "created": "2015-04-18 10:12:34",
                    "modified": "2015-04-18 10:12:34"
                },
                {
                    "id": 5991650,
                    "name": "待机时间长",
                    "pin": "",
                    "status": 0,
                    "rid": 15221,
                    "productId": 1138529,
                    "commentId": 663838028,
                    "created": "2015-04-18 10:12:34",
                    "modified": "2015-04-18 10:12:34"
                },
                {
                    "id": 5991651,
                    "name": "支持国产机",
                    "pin": "",
                    "status": 0,
                    "rid": 15237,
                    "productId": 1138529,
                    "commentId": 663838028,
                    "created": "2015-04-18 10:12:34",
                    "modified": "2015-04-18 10:12:34"
                },
                {
                    "id": 5991652,
                    "name": "电池耐用",
                    "pin": "",
                    "status": 0,
                    "rid": 15222,
                    "productId": 1138529,
                    "commentId": 663838028,
                    "created": "2015-04-18 10:12:34",
                    "modified": "2015-04-18 10:12:34"
                }
            ],
            "productColor": "釉白",
            "productSize": "移动4G",
            "integral": -20,
            "anonymousFlag": 1,
            "userLevelName": "银牌会员",
            "recommend": false,
            "userClientShow": "",
            "isMobile": false
        },
        {
            "id": 663815612,
            "guid": "d8abee34-d997-453b-903a-eaa1c9626c0f",
            "content": "很好价格便宜质量很好",
            "creationTime": "2015-04-18 10:00:08",
            "isTop": false,
            "referenceId": "1138529",
            "referenceImage": "g16/M00/0C/07/rBEbRlOIP_MIAAAAAAFWXorXF4YAACYlQLZhz0AAVZ2428.jpg",
            "referenceName": "三星 Galaxy Grand 2 (G7108V) 白色 移动4G手机",
            "referenceTime": "2015-04-17 14:49:00",
            "referenceType": "Product",
            "referenceTypeId": 0,
            "firstCategory": 9987,
            "secondCategory": 653,
            "thirdCategory": 655,
            "replyCount": 0,
            "score": 5,
            "status": 1,
            "usefulVoteCount": 0,
            "uselessVoteCount": 0,
            "userImage": "storage.jd.com/i.imageUpload/777777636f6d31363331343038393638343034313033_sma.jpg",
            "userImageUrl": "storage.jd.com/i.imageUpload/777777636f6d31363331343038393638343034313033_sma.jpg",
            "userLevelId": "62",
            "userProvince": "广东",
            "viewCount": 0,
            "orderId": 0,
            "isReplyGrade": false,
            "nickname": "w***3",
            "userClient": 2,
            "productColor": "釉白",
            "productSize": "移动4G",
            "integral": -30,
            "anonymousFlag": 1,
            "userLevelName": "金牌会员",
            "recommend": false,
            "userLevelColor": "#088000",
            "userClientShow": "<a href='http://app.jd.com/iphone.html' target='_blank'>来自京东iPhone客户端</a>",
            "isMobile": true
        },
        {
            "id": 663665740,
            "guid": "c3756c0f-0d70-4979-8eef-39d7e6dbcf39",
            "content": "手机不错，帮朋友买的很喜欢。",
            "creationTime": "2015-04-18 08:15:37",
            "isTop": false,
            "referenceId": "1138529",
            "referenceImage": "g16/M00/0C/07/rBEbRlOIP_MIAAAAAAFWXorXF4YAACYlQLZhz0AAVZ2428.jpg",
            "referenceName": "三星 Galaxy Grand 2 (G7108V) 白色 移动4G手机",
            "referenceTime": "2015-04-15 21:21:13",
            "referenceType": "Product",
            "referenceTypeId": 0,
            "firstCategory": 9987,
            "secondCategory": 653,
            "thirdCategory": 655,
            "replyCount": 0,
            "score": 5,
            "status": 1,
            "usefulVoteCount": 0,
            "uselessVoteCount": 0,
            "userImage": "storage.jd.com/i.imageUpload/6a645f3765363563356136346430616431333930363139363832343134_sma.jpg",
            "userImageUrl": "storage.jd.com/i.imageUpload/6a645f3765363563356136346430616431333930363139363832343134_sma.jpg",
            "userLevelId": "61",
            "userProvince": "上海",
            "viewCount": 0,
            "orderId": 0,
            "isReplyGrade": false,
            "nickname": "jd_449525745",
            "userClient": 4,
            "productColor": "釉白",
            "productSize": "移动4G",
            "integral": -20,
            "anonymousFlag": 0,
            "userLevelName": "银牌会员",
            "recommend": false,
            "userClientShow": "<a href='http://app.jd.com/android.html' target='_blank'>来自京东Android客户端</a>",
            "isMobile": true
        }
    ],
    "topFiveCommentVos": []
}